"l1id","l2id","X","Xbarj","Wj","cat","Y","Xc","XcWj","Wjc"
1,1,5.5142415273094,4.819588334713,4.42263978048352,1,6.39902910464513,0.6946531925964,3.07220084321672,-0.347360219516481
2,1,6.3375236905576,4.819588334713,4.42263978048352,1,7.26379445895535,1.5179353558446,6.71328128896076,-0.347360219516481
3,1,4.61200003361935,4.819588334713,4.42263978048352,1,5.92856443905108,-0.207588301093646,-0.918088278379751,-0.347360219516481
4,1,4.07539018962838,4.819588334713,4.42263978048352,1,5.70757190800922,-0.744198145084621,-3.29132032101329,-0.347360219516481
5,1,3.42405056475017,4.819588334713,4.42263978048352,1,5.203311349858,-1.39553776996283,-6.17196085660489,-0.347360219516481
6,1,4.9543240024131,4.819588334713,4.42263978048352,1,5.84143003721608,0.134735667700095,0.59588732382045,-0.347360219516481
1,2,5.59096796487944,4.92437009633213,4.23173056207912,1,5.71965148118863,0.66659786854731,2.82086257294845,-0.538269437920877
2,2,4.34827530101196,4.92437009633213,4.23173056207912,1,4.45881820126052,-0.576094795320166,-2.43787795201106,-0.538269437920877
3,2,2.35990538589255,4.92437009633213,4.23173056207912,1,4.60918725305983,-2.56446471043958,-10.8521236905405,-0.538269437920877
4,2,4.60086022806391,4.92437009633213,4.23173056207912,1,6.35714749727263,-0.323509868268215,-1.3690065966848,-0.538269437920877
5,2,6.15324982750346,4.92437009633213,4.23173056207912,1,6.15628518895509,1.22887973117133,5.2002879155173,-0.538269437920877
6,2,6.49296187064144,4.92437009633213,4.23173056207912,1,7.10506734692884,1.56859177430932,6.63785775077065,-0.538269437920877
1,3,0.221412328711668,4.04378357960914,5.11646699811788,1,3.13454097290215,-3.82237125089747,-19.5570363597715,0.34646699811788
2,3,3.96411716120245,4.04378357960914,5.11646699811788,1,5.01486362045396,-0.079666418406688,-0.40761060063607,0.34646699811788
3,3,7.59696145620428,4.04378357960914,5.11646699811788,1,6.19765004101324,3.55317787659514,18.1797173440416,0.34646699811788
4,3,4.42524249199148,4.04378357960914,5.11646699811788,1,5.45802032861278,0.381458912382345,1.95172193634221,0.34646699811788
5,3,4.54355511762186,4.04378357960914,5.11646699811788,1,5.93517188189468,0.499771538012725,2.55706458084072,0.34646699811788
6,3,3.51141292192309,4.04378357960914,5.11646699811788,1,4.65160376893038,-0.532370657686053,-2.723856900817,0.34646699811788
1,4,6.50207223456619,5.42136500199876,4.75302364554367,1,5.92521628282943,1.08070723256743,5.13662703030307,-0.0169763544563262
2,4,5.3158553687821,5.42136500199876,4.75302364554367,1,5.24173713458865,-0.105509633216665,-0.501489781511447,-0.0169763544563262
3,4,3.77947884932547,5.42136500199876,4.75302364554367,1,5.48840072169708,-1.64188615267329,-7.80392370694686,-0.0169763544563262
4,4,5.0218051166564,5.42136500199876,4.75302364554367,1,8.38058213339236,-0.399559885342361,-1.89911758284296,-0.0169763544563262
5,4,4.04029957769666,5.42136500199876,4.75302364554367,1,4.8175899964,-1.3810654243021,-6.56423661775071,-0.0169763544563262
6,4,7.86867886496574,5.42136500199876,4.75302364554367,1,7.42898038935165,2.44731386296698,11.6321406587489,-0.0169763544563262
1,5,6.17485782725917,4.64014609149989,5.22807970984206,1,6.64119261515658,1.53471173575928,8.0235952861796,0.45807970984206
2,5,6.46469364227761,4.64014609149989,5.22807970984206,1,7.34719628679044,1.82454755077772,9.53888002986304,0.45807970984206
3,5,4.52183418335869,4.64014609149989,5.22807970984206,1,5.72581167657258,-0.118311908141196,-0.618544086385686,0.45807970984206
4,5,4.48385066162963,4.64014609149989,5.22807970984206,1,6.33219396724531,-0.156295429870259,-0.817124965645741,0.45807970984206
5,5,3.02290239332023,4.64014609149989,5.22807970984206,1,4.778683277527,-1.61724369817966,-8.45507896432301,0.45807970984206
6,5,3.172737841154,4.64014609149989,5.22807970984206,1,6.17340433393309,-1.46740825034589,-7.6717272996882,0.45807970984206
1,6,1.17835210340247,4.54015134557782,4.59508071444337,1,4.27810311798188,-3.36179924217535,-15.4477388635503,-0.174919285556629
2,6,3.91800766519646,4.54015134557782,4.59508071444337,1,5.79621334820471,-0.622143680381361,-2.85880042733321,-0.174919285556629
3,6,5.91230691842074,4.54015134557782,4.59508071444337,1,5.84332744013777,1.37215557284292,6.3051656099865,-0.174919285556629
4,6,4.73250591640124,4.54015134557782,4.59508071444337,1,4.96944528915743,0.19235457082342,0.883884778725731,-0.174919285556629
5,6,6.06507818532888,4.54015134557782,4.59508071444337,1,5.4892514418838,1.52492683975106,7.00716191227718,-0.174919285556629
6,6,5.43465728471713,4.54015134557782,4.59508071444337,1,7.14213098464051,0.894505939139309,4.11032698989409,-0.174919285556629
1,7,2.20853668265961,3.90995650312768,3.38982163414952,1,5.89840606127972,-1.70141982046807,-5.76750971619348,-1.38017836585048
2,7,4.61714584503939,3.90995650312768,3.38982163414952,1,5.2893002181587,0.70718934191171,2.39724573065228,-1.38017836585048
3,7,2.9354784213516,3.90995650312768,3.38982163414952,1,5.28317612341026,-0.974478081776089,-3.30330688360912,-1.38017836585048
4,7,5.11459425454244,3.90995650312768,3.38982163414952,1,5.23163149523537,1.20463775141476,4.08350711105898,-1.38017836585048
5,7,4.59025897502899,3.90995650312768,3.38982163414952,1,6.24470596180628,0.680302471901305,2.30610403701644,-1.38017836585048
6,7,3.99372484014408,3.90995650312768,3.38982163414952,1,6.65998479244377,0.0837683370163922,0.283959721074895,-1.38017836585048
1,8,4.02451326422884,4.19379210876766,4.14033311004713,1,4.16388366547057,-0.169278844538825,-0.700870804874618,-0.629666889952865
2,8,6.16912085146321,4.19379210876766,4.14033311004713,1,5.17591938138138,1.97532874269555,8.17851899661016,-0.629666889952865
3,8,2.73350989478015,4.19379210876766,4.14033311004713,1,4.91799128601636,-1.46028221398752,-6.04605480058545,-0.629666889952865
4,8,4.64994903205691,4.19379210876766,4.14033311004713,1,6.12835143633146,0.456156923289248,1.8886416128717,-0.629666889952865
5,8,2.46439872459516,4.19379210876766,4.14033311004713,1,5.75193032148709,-1.7293933841725,-7.16026468878588,-0.629666889952865
6,8,5.12126088548171,4.19379210876766,4.14033311004713,1,5.34821160168921,0.927468776714051,3.8400296847641,-0.629666889952865
1,9,3.38147459582311,4.47068637780035,5.2264218846848,1,5.40883703857081,-1.08921178197723,-5.69268029438234,0.456421884684797
2,9,4.25851036680378,4.47068637780035,5.2264218846848,1,5.67258604237739,-0.212176010996573,-1.10892134727761,0.456421884684797
3,9,3.6820547370117,4.47068637780035,5.2264218846848,1,5.28204136956462,-0.78863164078865,-4.12172166637268,0.456421884684797
4,9,5.9102940145733,4.47068637780035,5.2264218846848,1,5.84640196655833,1.43960763677295,7.52399685818951,0.456421884684797
5,9,4.94007925193691,4.47068637780035,5.2264218846848,1,5.54178033144289,0.469392874136558,2.4532451899024,0.456421884684797
6,9,4.65170530065329,4.47068637780035,5.2264218846848,1,4.92296579462769,0.181018922852946,0.946081259940706,0.456421884684797
1,10,4.04180716063649,4.13009503927797,5.4293921151426,1,6.53137302630852,-0.0882878786414842,-0.479349512158741,0.659392115142603
2,10,4.32888484377599,4.13009503927797,5.4293921151426,1,5.32466641580828,0.198789804498017,1.07930779711227,0.659392115142603
3,10,3.12939042463405,4.13009503927797,5.4293921151426,1,5.81775985531026,-1.00070461464392,-5.43321774433453,0.659392115142603
4,10,6.77997374234963,4.13009503927797,5.4293921151426,1,7.11578049883941,2.64987870307166,14.3872305365416,0.659392115142603
5,10,3.75279464502823,4.13009503927797,5.4293921151426,1,4.79804997695544,-0.377300394249741,-2.04851178557974,0.659392115142603
6,10,2.74771941924345,4.13009503927797,5.4293921151426,1,4.34558428881573,-1.38237562003452,-7.50545929158081,0.659392115142603
1,11,3.87648324356171,3.81959444055405,3.92680150743163,1,5.54286350431763,0.0568888030076535,0.223391037406435,-0.843198492568372
2,11,3.72091236713823,3.81959444055405,3.92680150743163,1,5.16983266686339,-0.0986820734158251,-0.387504914645741,-0.843198492568372
3,11,5.30692075539897,3.81959444055405,3.92680150743163,1,5.94941767365257,1.48732631484492,5.84043521517576,-0.843198492568372
4,11,3.75434740221165,3.81959444055405,3.92680150743163,1,5.58948025832621,-0.0652470383424077,-0.256212168518416,-0.843198492568372
5,11,3.88648271304807,3.81959444055405,3.92680150743163,1,5.5736579021875,0.066888272494019,0.262656969259011,-0.843198492568372
6,11,2.37242016196569,3.81959444055405,3.92680150743163,1,5.06052306020632,-1.44717427858836,-5.68276613867705,-0.843198492568372
1,12,5.12343173467306,4.55231622579795,4.49359290606735,1,7.12336430643167,0.571115508875109,2.56636059922624,-0.276407093932646
2,12,2.41592989807566,4.55231622579795,4.49359290606735,1,6.30397106860676,-2.13638632772229,-9.60005044687216,-0.276407093932646
3,12,5.44410405579018,4.55231622579795,4.49359290606735,1,5.95638283209776,0.891787829992232,4.00733146657029,-0.276407093932646
4,12,6.02769534442038,4.55231622579795,4.49359290606735,1,5.953519764876,1.47537911862244,6.62975314120169,-0.276407093932646
5,12,4.6264591378307,4.55231622579795,4.49359290606735,1,6.87504533657945,0.0741429120327544,0.333168063545561,-0.276407093932646
6,12,3.67627718399771,4.55231622579795,4.49359290606735,1,7.50610143338035,-0.876039041800241,-3.93656282367161,-0.276407093932646
1,13,2.29225450102879,3.44717189088205,4.63528844838701,1,4.72295260438311,-1.15491738985326,-5.35337523602811,-0.13471155161299
2,13,1.23923604453258,3.44717189088205,4.63528844838701,1,4.59431796796698,-2.20793584634947,-10.2344195233633,-0.13471155161299
3,13,4.76498112815466,3.44717189088205,4.63528844838701,1,5.08607252802713,1.31780923727261,6.10842593470742,-0.13471155161299
4,13,5.44058694128058,3.44717189088205,4.63528844838701,1,5.38847880684348,1.99341505039853,9.24005375595311,-0.13471155161299
5,13,2.89068198532447,3.44717189088205,4.63528844838701,1,4.84230898697503,-0.556489905557579,-2.57949123087502,-0.13471155161299
6,13,4.05529074497123,3.44717189088205,4.63528844838701,1,5.50681916992517,0.608118854089177,2.81880629960591,-0.13471155161299
1,14,1.52955380583565,3.31876128186585,4.77721450281641,1,4.71647118730929,-1.7892074760302,-8.54742790303901,0.00721450281640923
2,14,4.03795859451417,3.31876128186585,4.77721450281641,1,6.07655997405544,0.719197312648323,3.43575983237015,0.00721450281640923
3,14,3.28326979382659,3.31876128186585,4.77721450281641,1,4.37157736036256,-0.0354914880392578,-0.169550451387678,0.00721450281640923
4,14,3.90632703928372,3.31876128186585,4.77721450281641,1,5.45930869876085,0.587565757417873,2.80692765769497,0.00721450281640923
5,14,5.08162857065909,3.31876128186585,4.77721450281641,1,7.63300892487701,1.76286728879324,8.42159517856371,0.00721450281640923
6,14,2.07382988707587,3.31876128186585,4.77721450281641,1,6.05446851390409,-1.24493139478998,-5.94730431420215,0.00721450281640923
1,15,4.57841287964816,5.05170284485861,3.93222117017997,1,6.7282483698031,-0.47328996521045,-1.86108082083427,-0.837778829820033
2,15,6.6091326989901,5.05170284485861,3.93222117017997,1,4.84877659517703,1.5574298541315,6.12415864348618,-0.837778829820033
3,15,2.64774545850233,5.05170284485861,3.93222117017997,1,4.28032679625884,-2.40395738635627,-9.45289212684063,-0.837778829820033
4,15,6.15491133526627,5.05170284485861,3.93222117017997,1,6.62400395547529,1.10320849040766,4.33805978110329,-0.837778829820033
5,15,4.99197648512323,5.05170284485861,3.93222117017997,1,6.95105407376094,-0.0597263597353725,-0.234857256169216,-0.837778829820033
6,15,5.32803821162154,5.05170284485861,3.93222117017997,1,4.60881302399649,0.276335366762933,1.08661177925465,-0.837778829820033
1,16,4.43545767504798,4.54832073499437,5.42607283105187,1,5.69691892889201,-0.112863059946392,-0.612403183204495,0.656072831051874
2,16,4.47346575868462,4.54832073499437,5.42607283105187,1,6.47115380124581,-0.0748549763097532,-0.406168553223384,0.656072831051874
3,16,2.02353659945821,4.54832073499437,5.42607283105187,1,4.78129457913826,-2.52478413553616,-13.6996626021036,0.656072831051874
4,16,5.95988448285164,4.54832073499437,5.42607283105187,1,6.80475954448216,1.41156374785727,7.65924770154608,0.656072831051874
5,16,4.19868365230801,4.54832073499437,5.42607283105187,1,6.8163591235585,-0.349637082686364,-1.89715627509272,0.656072831051874
6,16,6.19889624161577,4.54832073499437,5.42607283105187,1,5.87253713712032,1.6505755066214,8.95614291207807,0.656072831051874
1,17,2.00848479521136,4.43572830144568,3.80498403842569,1,5.89090328582359,-2.42724350623432,-9.23562279859401,-0.965015961574307
2,17,5.50443722498966,4.43572830144568,3.80498403842569,1,6.09400387751456,1.06870892354398,4.06642039580793,-0.965015961574307
3,17,5.15775099113359,4.43572830144568,3.80498403842569,1,5.17245604393036,0.722022689687909,2.74728480964368,-0.965015961574307
4,17,4.88844572947042,4.43572830144568,3.80498403842569,1,6.64837983676449,0.452717428024734,1.72258258755124,-0.965015961574307
5,17,3.05970334784685,4.43572830144568,3.80498403842569,1,5.83008633258337,-1.37602495359883,-5.23575298491902,-0.965015961574307
6,17,5.99554772002223,4.43572830144568,3.80498403842569,1,4.12981514034518,1.55981941857654,5.93508799051018,-0.965015961574307
1,18,5.13087926135478,5.87595634377036,4.14328299784587,1,6.48992954741143,-0.745077082415579,-3.08706520765707,-0.626717002154129
2,18,4.99089471677729,5.87595634377036,4.14328299784587,1,4.43302250611815,-0.885061626993069,-3.66706079116619,-0.626717002154129
3,18,4.73295012917186,5.87595634377036,4.14328299784587,1,5.59649197186539,-1.1430062145985,-4.73579821537813,-0.626717002154129
4,18,6.65394248411497,5.87595634377036,4.14328299784587,1,6.41339240681174,0.777986140344612,3.22341674784956,-0.626717002154129
5,18,5.17709031561063,5.87595634377036,4.14328299784587,1,5.32794109801063,-0.698866028159721,-2.89559973224625,-0.626717002154129
6,18,8.56998115559261,5.87595634377036,4.14328299784587,1,6.84657555360542,2.69402481182226,11.1621071985981,-0.626717002154129
1,19,4.09209986403435,4.30750874111099,5.08738063568551,1,5.5996766367468,-0.215408877076634,-1.09586694999443,0.317380635685507
2,19,6.36516861220062,4.30750874111099,5.08738063568551,1,6.5770302052926,2.05765987108963,10.4680989830085,0.317380635685507
3,19,4.40480973507027,4.30750874111099,5.08738063568551,1,6.97786604595435,0.0973009939592799,0.495007192501393,0.317380635685507
4,19,2.18809385806444,4.30750874111099,5.08738063568551,1,5.15730293185613,-2.11941488304654,-10.7822702349947,0.317380635685507
5,19,3.15991593475229,4.30750874111099,5.08738063568551,1,6.68233721007805,-1.1475928063587,-5.83824142072122,0.317380635685507
6,19,5.63496444254395,4.30750874111099,5.08738063568551,1,7.18897981871034,1.32745570143296,6.75327243020037,0.317380635685507
1,20,4.53811694120131,5.15458623601548,3.75630187040497,1,4.63041610212517,-0.616469294814163,-2.31564476515767,-1.01369812959503
2,20,3.21492434734896,5.15458623601548,3.75630187040497,1,4.37014831884287,-1.93966188866651,-7.28595558035127,-1.01369812959503
3,20,6.06349843774845,5.15458623601548,3.75630187040497,1,5.76516027188533,0.908912201732975,3.41414860340348,-1.01369812959503
4,20,7.4173079055384,5.15458623601548,3.75630187040497,1,5.29007925021922,2.26272166952293,8.49946563943483,-1.01369812959503
5,20,5.24099537774318,5.15458623601548,3.75630187040497,1,5.71262177838491,0.0864091417277004,0.32457882069185,-1.01369812959503
6,20,4.45267440651255,5.15458623601548,3.75630187040497,1,4.82334982827141,-0.701911829502922,-2.6365927180212,-1.01369812959503
1,21,3.32902207260488,5.14183684623583,4.51837507696423,1,4.919664287033,-1.81281477363095,-8.19097709232662,-0.251624923035772
2,21,8.62485459198423,5.14183684623583,4.51837507696423,1,6.90615411180377,3.4830177457484,15.7375805750137,-0.251624923035772
3,21,2.6166274636243,5.14183684623583,4.51837507696423,1,3.48379954578782,-2.52520938261153,-11.4098431385081,-0.251624923035772
4,21,6.84874018892217,5.14183684623583,4.51837507696423,1,6.96490451453153,1.70690334268634,7.71242952238089,-0.251624923035772
5,21,4.62314970569511,5.14183684623583,4.51837507696423,1,5.28374832559432,-0.518687140540712,-2.343623048561,-0.251624923035772
6,21,4.80862705458427,5.14183684623583,4.51837507696423,1,7.30463199452256,-0.333209791651558,-1.50556681799884,-0.251624923035772
1,22,4.83130996472667,3.63214427815111,5.54222060667608,1,7.80393688473672,1.19916568657557,6.64604077895799,0.772220606676083
2,22,3.70662773204894,3.63214427815111,5.54222060667608,1,6.22551815641981,0.0744834538978356,0.412803733048993,0.772220606676083
3,22,3.16026510142717,3.63214427815111,5.54222060667608,1,6.33675999456683,-0.471879176723931,-2.61525849710072,0.772220606676083
4,22,4.48826260958062,3.63214427815111,5.54222060667608,1,6.65704393548083,0.856118331429517,4.74479665820181,0.772220606676083
5,22,2.7104280897272,3.63214427815111,5.54222060667608,1,6.38465770855254,-0.921716188423903,-5.10835445298989,0.772220606676083
6,22,2.89597217139602,3.63214427815111,5.54222060667608,1,6.14858588971404,-0.736172106755086,-4.08002822011818,0.772220606676083
1,23,5.30491459355573,5.5952422079378,5.46175539339756,1,5.55541828584896,-0.290327614382062,-1.58569841370347,0.691755393397559
2,23,4.98216485296056,5.5952422079378,5.46175539339756,1,4.44915117729786,-0.613077354977237,-3.34847855011683,0.691755393397559
3,23,7.13549557271086,5.5952422079378,5.46175539339756,1,7.46480397692524,1.54025336477306,8.412487122248,0.691755393397559
4,23,5.35005684044703,5.5952422079378,5.46175539339756,1,6.64673634528911,-0.245185367490763,-1.33914250327484,0.691755393397559
5,23,4.40650238463878,5.5952422079378,5.46175539339756,1,5.93080056210605,-1.18873982329901,-6.49260614124984,0.691755393397559
6,23,6.39231900331381,5.5952422079378,5.46175539339756,1,6.99879809980739,0.797076795376012,4.35343848609697,0.691755393397559
1,24,5.11464392833836,5.76814318428493,4.63896225480821,1,5.68718130259978,-0.653499255946572,-3.0315583818814,-0.131037745191789
2,24,6.84935340495363,5.76814318428493,4.63896225480821,1,7.11480021543415,1.0812102206687,5.01569340319497,-0.131037745191789
3,24,6.26128508044617,5.76814318428493,4.63896225480821,1,5.31878146953212,0.49314189616124,2.28766664255654,-0.131037745191789
4,24,5.26747338710518,5.76814318428493,4.63896225480821,1,5.1040471055231,-0.50066979717975,-2.32258829123934,-0.131037745191789
5,24,4.64489246469887,5.76814318428493,4.63896225480821,1,4.83566196299275,-1.12325071958606,-5.21071769084588,-0.131037745191789
6,24,6.47121084016737,5.76814318428493,4.63896225480821,1,6.20249776299701,0.703067655882437,3.26150431821511,-0.131037745191789
1,25,5.04403728669383,3.78070208723697,4.78694700858124,1,6.79836104688116,1.26333519945686,6.04751865387541,0.016947008581238
2,25,3.90371534386125,3.78070208723697,4.78694700858124,1,5.24622991278046,0.123013256624284,0.588857940813452,0.016947008581238
3,25,3.05398089077513,3.78070208723697,4.78694700858124,1,6.77336143958831,-0.726721196461838,-3.47877585747557,0.016947008581238
4,25,2.85388198919924,3.78070208723697,4.78694700858124,1,5.13443522813083,-0.926820098037727,-4.43663869579466,0.016947008581238
5,25,4.79976286219653,3.78070208723697,4.78694700858124,1,6.56403046503165,1.01906077495957,4.87818992825519,0.016947008581238
6,25,3.02883415069581,3.78070208723697,4.78694700858124,1,5.64826020123162,-0.751867936541151,-3.59915196967381,0.016947008581238
1,26,4.74947348383757,4.85616543651343,5.14647400599131,1,5.78872066013161,-0.106691952675866,-0.549087361094799,0.376474005991311
2,26,5.94064773789979,4.85616543651343,5.14647400599131,1,6.40764982946931,1.08448230138636,5.58125997404252,0.376474005991311
3,26,5.17925321609639,4.85616543651343,5.14647400599131,1,4.6786394320129,0.323087779582963,1.66276285927717,0.376474005991311
4,26,4.4730684613032,4.85616543651343,5.14647400599131,1,4.48603276620597,-0.383096975210231,-1.97159862469335,0.376474005991311
5,26,3.7062143310854,4.85616543651343,5.14647400599131,1,6.16831313083492,-1.14995110542803,-5.91819347224633,0.376474005991311
6,26,5.08833538885824,4.85616543651343,5.14647400599131,1,5.28236694592473,0.232169952344806,1.19485662471479,0.376474005991311
1,27,4.1367093863937,4.7442634958365,4.98416548842369,1,6.7742569364042,-0.607554109442794,-3.02815022463476,0.214165488423687
2,27,6.06481230625902,4.7442634958365,4.98416548842369,1,6.45494636755912,1.32054881042252,6.58183380668686,0.214165488423687
3,27,6.52597857039096,4.7442634958365,4.98416548842369,1,6.6309690571548,1.78171507455446,8.8803627847986,0.214165488423687
4,27,3.68507312020081,4.7442634958365,4.98416548842369,1,5.84422190602095,-1.05919037563568,-5.2791801159139,0.214165488423687
5,27,1.88724022280657,4.7442634958365,4.98416548842369,1,3.94347815830377,-2.85702327302993,-14.2398767970591,0.214165488423687
6,27,6.16576736896792,4.7442634958365,4.98416548842369,1,5.70266498204758,1.42150387313142,7.08501054612224,0.214165488423687
1,28,1.58273461216436,4.02099562376895,5.89171385092234,1,4.99218633582647,-2.43826101160459,-14.3655361742347,1.12171385092234
2,28,4.65152006798868,4.02099562376895,5.89171385092234,1,5.96888843786088,0.630524444219726,3.71486960135447,1.12171385092234
3,28,4.04776164027305,4.02099562376895,5.89171385092234,1,5.79479366776488,0.0267660165041024,0.157697710171236,1.12171385092234
4,28,3.83422854893964,4.02099562376895,5.89171385092234,1,5.92773995742345,-0.18676707482931,-1.1003781616681,1.12171385092234
5,28,4.61517544347657,4.02099562376895,5.89171385092234,1,5.19730053672203,0.594179819707623,3.50073747370994,1.12171385092234
6,28,5.3945534297714,4.02099562376895,5.89171385092234,1,6.85721076624258,1.37355780600245,8.09260955066715,1.12171385092234
1,29,5.83157919432527,5.48742819513718,4.64246943502272,1,5.99067799738801,0.344150999188086,1.59771049476322,-0.127530564977277
2,29,5.86252520640164,5.48742819513718,4.64246943502272,1,5.94208621665497,0.375097011264455,1.74137640996361,-0.127530564977277
3,29,5.63149246796727,5.48742819513718,4.64246943502272,1,6.37775630318626,0.144064272830091,0.668813983292473,-0.127530564977277
4,29,2.48355566861969,5.48742819513718,4.64246943502272,1,4.52700802139547,-3.00387252651749,-13.945386391062,-0.127530564977277
5,29,6.75503851509418,5.48742819513718,4.64246943502272,1,4.95604361060899,1.26761031995699,5.88484216591972,-0.127530564977277
6,29,6.36037811841505,5.48742819513718,4.64246943502272,1,7.02769857321364,0.872949923277869,4.05264333712294,-0.127530564977277
1,30,4.50774155467634,6.00579474795955,4.89245141738281,1,5.23173824954606,-1.49805319328321,-7.32915246879329,0.122451417382808
2,30,7.11356531487808,6.00579474795955,4.89245141738281,1,4.43163838953496,1.10777056691853,5.4197136802555,0.122451417382808
3,30,3.54392478484518,6.00579474795955,4.89245141738281,1,5.95055354647593,-2.46186996311437,-12.0445791904511,0.122451417382808
4,30,7.14045345761497,6.00579474795955,4.89245141738281,1,6.04978242483392,1.13465870965541,5.55126261229937,0.122451417382808
5,30,6.97280494301213,6.00579474795955,4.89245141738281,1,5.7264581971425,0.967010195052577,4.73105039940861,0.122451417382808
6,30,6.75627843273062,6.00579474795955,4.89245141738281,1,6.38499393607668,0.750483684771069,3.67170496728089,0.122451417382808
1,31,4.96652194388106,5.84351057760647,4.99770025875858,1,5.60640879670238,-0.876988633725416,-4.38292632169785,0.227700258758581
2,31,7.03109962396491,5.84351057760647,4.99770025875858,1,6.9306766115899,1.18758904635844,5.93521408428441,0.227700258758581
3,31,3.89887079328495,5.84351057760647,4.99770025875858,1,4.31336294613032,-1.94463978432152,-9.71872675329591,0.227700258758581
4,31,5.54988728898304,5.84351057760647,4.99770025875858,1,6.90922249925584,-0.29362328862343,-1.46744118553086,0.227700258758581
5,31,7.65359807557303,5.84351057760647,4.99770025875858,1,5.45876112892375,1.81008749796655,9.04627475696312,0.227700258758581
6,31,5.96108573995186,5.84351057760647,4.99770025875858,1,5.67110338832,0.117575162345381,0.587605419277093,0.227700258758581
1,32,4.64843486050989,4.37703787702047,3.93195572094801,1,4.53555902072073,0.271396983489416,1.06712092187924,-0.838044279051986
2,32,4.4024869383259,4.37703787702047,3.93195572094801,1,5.5327520776236,0.025449061305431,0.100064582192646,-0.838044279051986
3,32,5.90822330175873,4.37703787702047,3.93195572094801,1,5.84691632003804,1.53118542473826,6.02055329063182,-0.838044279051986
4,32,3.02213702943356,4.37703787702047,3.93195572094801,1,4.91462192704816,-1.35490084758691,-5.32741013898668,-0.838044279051986
5,32,5.66941230621578,4.37703787702047,3.93195572094801,1,5.81570300265075,1.2923744291953,5.0815590304814,-0.838044279051986
6,32,2.61153282587897,4.37703787702047,3.93195572094801,1,4.9784269921244,-1.7655050511415,-6.94188768619843,-0.838044279051986
1,33,3.93128287443644,5.73303133353141,4.52822975792616,1,6.35863083541066,-1.80174845909497,-8.15873098877146,-0.241770242073841
2,33,6.2244328637319,5.73303133353141,4.52822975792616,1,6.14032309698791,0.491401530200482,2.22517903214427,-0.241770242073841
3,33,7.01014279474812,5.73303133353141,4.52822975792616,1,4.6660675569173,1.2771114612167,5.78305412287003,-0.241770242073841
4,33,6.27167368375277,5.73303133353141,4.52822975792616,1,6.54020388927726,0.53864235022136,2.43909631915165,-0.241770242073841
5,33,5.21348108527982,5.73303133353141,4.52822975792616,1,6.84134977365916,-0.519550248251595,-2.3526428948708,-0.241770242073841
6,33,5.74717469923944,5.73303133353141,4.52822975792616,1,6.43310730236159,0.0141433657080245,0.0640444094763091,-0.241770242073841
1,34,4.57729313897972,5.31426384765321,5.54564444907989,1,5.41764782526204,-0.736970708673494,-4.08697751968963,0.775644449079888
2,34,5.30094901271579,5.31426384765321,5.54564444907989,1,6.09147509225784,-0.0133148349374208,-0.0738393404611226,0.775644449079888
3,34,5.67470106780571,5.31426384765321,5.54564444907989,1,6.98004836525647,0.360437220152496,1.99885666918048,0.775644449079888
4,34,3.75386892466927,5.31426384765321,5.54564444907989,1,5.93139404442064,-1.56039492298394,-8.65339544301834,0.775644449079888
5,34,5.9213182894233,5.31426384765321,5.54564444907989,1,6.17759964080504,0.607054441770093,3.36650809529161,0.775644449079888
6,34,6.65745265232548,5.31426384765321,5.54564444907989,1,6.69768460766025,1.34318880467227,7.448847538697,0.775644449079888
1,35,7.25155380935357,5.10214101492489,6.98671226935593,1,6.63561117946874,2.14941279442869,15.0173287427455,2.21671226935593
2,35,6.03062085438946,5.10214101492489,6.98671226935593,1,7.62347530552199,0.928479839464575,6.48702148623677,2.21671226935593
3,35,3.78046793587108,5.10214101492489,6.98671226935593,1,6.48829097470799,-1.32167307905381,-9.23414951750266,2.21671226935593
4,35,3.71506626841251,5.10214101492489,6.98671226935593,1,5.92146321263734,-1.38707474651238,-9.69109214997182,2.21671226935593
5,35,7.7481619738925,5.10214101492489,6.98671226935593,1,8.30306443756228,2.64602095896761,18.4869870989919,2.21671226935593
6,35,2.0869752476302,5.10214101492489,6.98671226935593,1,3.6688734342131,-3.01516576729468,-21.0660956604997,2.21671226935593
1,36,3.82769006197129,4.72946317275496,5.76003804620273,1,4.49746598670195,-0.901773110783671,-5.19424742715653,0.99003804620273
2,36,4.46181473184543,4.72946317275496,5.76003804620273,1,4.57101089490213,-0.267648440909531,-1.54166520264574,0.99003804620273
3,36,5.7106627076827,4.72946317275496,5.76003804620273,1,6.14450507510595,0.981199534927743,5.65174665210022,0.99003804620273
4,36,4.95908976346881,4.72946317275496,5.76003804620273,1,5.80946756907508,0.229626590713853,1.32265789893162,0.99003804620273
5,36,4.85091782018419,4.72946317275496,5.76003804620273,1,4.0766353681843,0.121454647429234,0.699583390080525,0.99003804620273
6,36,4.56660395137733,4.72946317275496,5.76003804620273,1,4.0101892252321,-0.162859221377629,-0.938075311310097,0.99003804620273
1,37,2.97086351854104,4.49937228581042,4.22192556386273,1,7.21247150940408,-1.52850876726938,-6.45325023912289,-0.548074436137267
2,37,4.32521246703067,4.49937228581042,4.22192556386273,1,6.39021121713899,-0.174159818779749,-0.735289791103924,-0.548074436137267
3,37,3.30933527607522,4.49937228581042,4.22192556386273,1,5.20836618938409,-1.1900370097352,-5.02424767334379,-0.548074436137267
4,37,5.70734242127577,4.49937228581042,4.22192556386273,1,5.10374246457078,1.20797013546535,5.0999599953039,-0.548074436137267
5,37,5.17299983034223,4.49937228581042,4.22192556386273,1,4.5253653222092,0.67362754453181,2.84400535078093,-0.548074436137267
6,37,5.51048020159757,4.49937228581042,4.22192556386273,1,6.29830275100849,1.01110791578716,4.26882235748577,-0.548074436137267
1,38,3.41820053965698,4.70716231549537,5.93154090415826,1,6.04566524750552,-1.28896177583839,-7.64552949728188,1.16154090415826
2,38,5.44440928853826,4.70716231549537,5.93154090415826,1,7.22308361953511,0.737246973042888,4.37301057707075,1.16154090415826
3,38,5.64730099243414,4.70716231549537,5.93154090415826,1,5.62101514729343,0.940138676938768,5.57647101784353,1.16154090415826
4,38,5.03881584667123,4.70716231549537,5.93154090415826,1,5.15252924358635,0.331653531175855,1.96721648617811,1.16154090415826
5,38,4.73951522217262,4.70716231549537,5.93154090415826,1,6.27620006649992,0.0323529066772466,0.191902589324503,1.16154090415826
6,38,3.954732003499,4.70716231549537,5.93154090415826,1,5.0808586809989,-0.752430311996368,-4.46307117313502,1.16154090415826
1,39,5.99260725585309,5.89365385768191,4.50682113111364,1,5.93842031005912,0.0989533981711874,0.445965265873409,-0.263178868886363
2,39,3.93261162790403,5.89365385768191,4.50682113111364,1,4.69846280978006,-1.96104222977788,-8.83806656016915,-0.263178868886363
3,39,7.56881744837053,5.89365385768191,4.50682113111364,1,7.99012188324039,1.67516359068862,7.54966266858768,-0.263178868886363
4,39,5.80605453731277,5.89365385768191,4.50682113111364,1,5.34449131819489,-0.0875993203691339,-0.394794468110806,-0.263178868886363
5,39,4.58610406674036,5.89365385768191,4.50682113111364,1,4.31975726017433,-1.30754979094155,-5.8928930277986,-0.263178868886363
6,39,7.47572820991066,5.89365385768191,4.50682113111364,1,6.79537190088715,1.58207435222875,7.13012612161746,-0.263178868886363
1,40,4.98816018553963,6.03377449505529,3.83594135166776,1,6.09850767869102,-1.04561430951567,-4.01091516776668,-0.934058648332237
2,40,4.16218865485572,6.03377449505529,3.83594135166776,1,3.46495651782498,-1.87158584019957,-7.17929351761738,-0.934058648332237
3,40,5.01021628111073,6.03377449505529,3.83594135166776,1,5.1020001042377,-1.02355821394457,-3.92630927870916,-0.934058648332237
4,40,6.83588166637129,6.03377449505529,3.83594135166776,1,4.92000674636745,0.802107171315996,3.07683606692029,-0.934058648332237
5,40,7.44012557439756,6.03377449505529,3.83594135166776,1,5.51728766523085,1.40635107934227,5.39468026021158,-0.934058648332237
6,40,7.76607460805684,6.03377449505529,3.83594135166776,1,4.08746347269326,1.73230011300154,6.64500163696135,-0.934058648332237
1,41,6.48667165817853,5.74178597531935,5.25572586078959,1,6.34063097374775,0.744885682859177,3.91491494673489,0.48572586078959
2,41,4.95594903576013,5.74178597531935,5.25572586078959,1,5.9785979515933,-0.785836939559219,-4.13014352560513,0.48572586078959
3,41,6.72870427680296,5.74178597531935,5.25572586078959,1,6.86104517578582,0.986918301483603,5.18697203959391,0.48572586078959
4,41,4.02483302081227,5.74178597531935,5.25572586078959,1,4.73913902943187,-1.71695295450708,-9.02383404476195,0.48572586078959
5,41,8.30256696271661,5.74178597531935,5.25572586078959,1,8.18855661484902,2.56078098739725,13.458762859282,0.48572586078959
6,41,3.95199089764562,5.74178597531935,5.25572586078959,1,5.50479326069355,-1.78979507767374,-9.40667227524377,0.48572586078959
1,42,5.54157849529339,5.47013050548427,4.38425971182663,1,5.57296157888609,0.0714479898091263,0.313246543211152,-0.385740288173367
2,42,3.25728785708215,5.47013050548427,4.38425971182663,1,6.33887090482173,-2.21284264840211,-9.70167687200112,-0.385740288173367
3,42,6.18198494135627,5.47013050548427,4.38425971182663,1,5.6100334190274,0.711854435872008,3.12095472387872,-0.385740288173367
4,42,6.88566090793405,5.47013050548427,4.38425971182663,1,5.76198503607799,1.41553040244978,6.20605291432633,-0.385740288173367
5,42,4.54747488246065,5.47013050548427,4.38425971182663,1,5.42212445441098,-0.922655623023616,-4.04516187591274,-0.385740288173367
6,42,6.40679594877908,5.47013050548427,4.38425971182663,1,5.34675405911819,0.936665443294811,4.10658456649767,-0.385740288173367
1,43,6.13938028571672,6.05659732054171,3.96927030606785,1,6.08162339390801,0.08278296517501,0.328587965517416,-0.800729693932153
2,43,4.74846220222153,6.05659732054171,3.96927030606785,1,5.4900751914142,-1.30813511832018,-5.19234188147282,-0.800729693932153
3,43,5.5231489880284,6.05659732054171,3.96927030606785,1,7.13194634241375,-0.533448332513305,-2.11740062606647,-0.800729693932153
4,43,6.83660937969126,6.05659732054171,3.96927030606785,1,4.65623596798348,0.780012059149552,3.09607870475715,-0.800729693932153
5,43,6.43415428974192,6.05659732054171,3.96927030606785,1,5.83938679390992,0.377556969200213,1.49862566669538,-0.800729693932153
6,43,6.65782877785041,6.05659732054171,3.96927030606785,1,4.60965977897466,0.601231457308703,2.38645017056933,-0.800729693932153
1,44,5.14421730847322,5.56350697105798,4.91275539518459,1,5.67868367754591,-0.419289662584761,-2.05986755200841,0.142755395184589
2,44,7.36695682482244,5.56350697105798,4.91275539518459,1,6.69881970315575,1.80344985376447,8.85990799902624,0.142755395184589
3,44,4.87146404883993,5.56350697105798,4.91275539518459,1,5.25436309688676,-0.692042922218048,-3.39983759982602,0.142755395184589
4,44,4.90600582170714,5.56350697105798,4.91275539518459,1,6.27352641010695,-0.657501149350835,-3.23014231881338,0.142755395184589
5,44,7.29476976346108,5.56350697105798,4.91275539518459,1,6.90419940045115,1.7312627924031,8.50527062386066,0.142755395184589
6,44,3.79762805904405,5.56350697105798,4.91275539518459,1,4.98610419452948,-1.76587891201392,-8.67533115223909,0.142755395184589
1,45,5.72241494679303,4.31410999404804,3.3517239822828,1,5.02878074070506,1.40830495274499,4.72024948448302,-1.4182760177172
2,45,4.25090137416754,4.31410999404804,3.3517239822828,1,5.07567720658695,-0.0632086198805002,-0.21185784714047,-1.4182760177172
3,45,3.60099454574262,4.31410999404804,3.3517239822828,1,5.7278383501294,-0.713115448305421,-2.39016615022162,-1.4182760177172
4,45,4.25783252801668,4.31410999404804,3.3517239822828,1,4.37121410577972,-0.0562774660313572,-0.188626532559405,-1.4182760177172
5,45,2.37056737940684,4.31410999404804,3.3517239822828,1,3.88001153098533,-1.9435426146412,-6.51421839208151,-1.4182760177172
6,45,5.68194919016153,4.31410999404804,3.3517239822828,1,5.52509859459777,1.36783919611349,4.58461943752,-1.4182760177172
1,46,3.22882055166823,4.96588366324935,4.26653918278622,1,4.18555094759129,-1.73706311158112,-7.4112478285334,-0.503460817213777
2,46,5.78588308076951,4.96588366324935,4.26653918278622,1,6.92173145269874,0.819999417520161,3.49855964471165,-0.503460817213777
3,46,4.23173300012379,4.96588366324935,4.26653918278622,1,5.58491231863631,-0.734150663125559,-3.13228257029369,-0.503460817213777
4,46,7.05440693307858,4.96588366324935,4.26653918278622,1,6.51966308382965,2.08852326982923,8.9107663648872,-0.503460817213777
5,46,4.57923421467463,4.96588366324935,4.26653918278622,1,4.6365573096728,-0.386649448574714,-1.6496550223467,-0.503460817213777
6,46,4.91522419918135,4.96588366324935,4.26653918278622,1,5.7335556118861,-0.0506594640679969,-0.21614058842506,-0.503460817213777
1,47,3.82385426329452,3.80328459001538,5.26156305541142,1,5.73160037963258,0.0205696732791409,0.108228632987411,0.491563055411419
2,47,2.36298095541935,3.80328459001538,5.26156305541142,1,7.3521516453366,-1.44030363459603,-7.57824839236527,0.491563055411419
3,47,3.42130048802683,3.80328459001538,5.26156305541142,1,6.40563052899245,-0.381984101988546,-2.00983343877744,0.491563055411419
4,47,5.06303872478233,3.80328459001538,5.26156305541142,1,5.44493608303305,1.25975413476695,6.62827581439154,0.491563055411419
5,47,4.41288638860188,3.80328459001538,5.26156305541142,1,6.62968506803468,0.609601798586503,3.2074583019551,0.491563055411419
6,47,3.73564671996737,3.80328459001538,5.26156305541142,1,6.4905842408753,-0.0676378700480109,-0.355880918191333,0.491563055411419
1,48,2.69318422605208,3.89505267809622,5.46523772373178,1,4.80661479816757,-1.20186845204413,-6.56849680307471,0.695237723731778
2,48,5.74650273244757,3.89505267809622,5.46523772373178,1,5.68319440521701,1.85145005435136,10.1186146806463,0.695237723731778
3,48,3.39323485424004,3.89505267809622,5.46523772373178,1,4.5931679216879,-0.501817823856178,-2.74255370137977,0.695237723731778
4,48,5.36459397519957,3.89505267809622,5.46523772373178,1,5.90316784300396,1.46954129710335,8.03139253351098,0.695237723731778
5,48,2.35974922810185,3.89505267809622,5.46523772373178,1,4.44778759060596,-1.53530344999437,-8.39079833228475,0.695237723731778
6,48,3.81305105253618,3.89505267809622,5.46523772373178,1,5.46249970554871,-0.0820016255600344,-0.448158377418028,0.695237723731778
1,49,4.94119132855108,5.32691770362315,4.94319818057077,1,6.13586945668758,-0.385726375072068,-1.9067219154544,0.173198180570768
2,49,4.49969760572958,5.32691770362315,4.94319818057077,1,4.78315570508822,-0.82722009789357,-4.08911288283907,0.173198180570768
3,49,7.1803635417069,5.32691770362315,4.94319818057077,1,7.16566675472034,1.85344583808375,9.16195009460205,0.173198180570768
4,49,4.73155849935915,5.32691770362315,4.94319818057077,1,6.53146259904172,-0.595359204264001,-2.94297853530387,0.173198180570768
5,49,7.68007432187281,5.32691770362315,4.94319818057077,1,6.1318080116839,2.35315661824966,11.6321195139298,0.173198180570768
6,49,2.92862092451938,5.32691770362315,4.94319818057077,1,5.30050414500194,-2.39829677910378,-11.8552562749345,0.173198180570768
1,50,4.74169021450157,5.37847604405515,5.08075616836562,1,5.39356600574604,-0.636785829553582,-3.23535353143218,0.310756168365617
2,50,3.94135564248116,5.37847604405515,5.08075616836562,1,5.55177994030175,-1.437120401574,-7.30165834498115,0.310756168365617
3,50,6.33125239604029,5.37847604405515,5.08075616836562,1,6.07218859087729,0.952776351985133,4.84082432742135,0.310756168365617
4,50,6.95382036752295,5.37847604405515,5.08075616836562,1,5.53796202812331,1.5753443234678,8.00394038875878,0.310756168365617
5,50,6.4931835280721,5.37847604405515,5.08075616836562,1,6.71657725678464,1.11470748401695,5.66355692534243,0.310756168365617
6,50,3.80955411571285,5.37847604405515,5.08075616836562,1,5.36051014950339,-1.5689219283423,-7.97130976510922,0.310756168365617
1,51,5.93623877664998,6.26891495690166,5.81008385068371,1,5.67254218792962,-0.33267618025168,-1.93287650238743,1.04008385068371
2,51,8.56633911718142,6.26891495690166,5.81008385068371,1,7.6579902911363,2.29742416027976,13.348227011812,1.04008385068371
3,51,6.38748357107377,6.26891495690166,5.81008385068371,1,7.03685000056754,0.118568614172113,0.688893590399341,1.04008385068371
4,51,8.7311688738288,6.26891495690166,5.81008385068371,1,7.17740592469759,2.46225391692714,14.3059017190211,1.04008385068371
5,51,2.36479022677572,6.26891495690166,5.81008385068371,1,4.51199413764442,-3.90412473012593,-22.6832920455596,1.04008385068371
6,51,5.62746917590025,6.26891495690166,5.81008385068371,1,6.31921287056786,-0.641445781001405,-3.72685377328546,1.04008385068371
1,52,3.89552206816041,4.73300174871059,4.53943437628177,1,6.43956666761451,-0.837479680550181,-3.80168405132697,-0.230565623718226
2,52,4.80122078562301,4.73300174871059,4.53943437628177,1,5.69415560561843,0.0682190369124216,0.309675841277082,-0.230565623718226
3,52,6.44714625057714,4.73300174871059,4.53943437628177,1,6.02509908309041,1.71414450186655,7.7812464776874,-0.230565623718226
4,52,3.91595445798631,4.73300174871059,4.53943437628177,1,5.51537460197259,-0.81704729072428,-3.70893255856169,-0.230565623718226
5,52,4.61447984459735,4.73300174871059,4.53943437628177,1,6.24120920030346,-0.118521904113243,-0.538022405874029,-0.230565623718226
6,52,4.72368708531933,4.73300174871059,4.53943437628177,1,7.3278555926545,-0.00931466339126263,-0.042283303201791,-0.230565623718226
1,53,3.45926089157474,4.25965992107173,4.96771235930373,1,5.37732782356632,-0.800399029496986,-3.97615215120688,0.197712359303726
2,53,4.9388440742385,4.25965992107173,4.96771235930373,1,7.03744403444712,0.679184153166772,3.37399151192981,0.197712359303726
3,53,4.14338656928221,4.25965992107173,4.96771235930373,1,5.84319262830632,-0.116273351789515,-0.577612566742445,0.197712359303726
4,53,4.33911827993776,4.25965992107173,4.96771235930373,1,6.49100407404404,0.0794583588660362,0.394726271388799,0.197712359303726
5,53,4.86705427320634,4.25965992107173,4.96771235930373,1,5.84012268941158,0.607394352134619,3.01736043007042,0.197712359303726
6,53,3.8102954381908,4.25965992107173,4.96771235930373,1,5.82018432197022,-0.449364482880926,-2.23231349543971,0.197712359303726
1,54,7.83044605684525,6.90710766247449,4.92264667810695,0,6.09154497938541,0.923338394370756,4.54526867981781,0.152646678106954
2,54,6.28088896170197,6.90710766247449,4.92264667810695,0,4.34227136880709,-0.626218700772522,-3.08265340712631,0.152646678106954
3,54,5.24844392593136,6.90710766247449,4.92264667810695,0,4.83425692108021,-1.65866373654314,-8.16501553279054,0.152646678106954
4,54,6.05789015691783,6.90710766247449,4.92264667810695,0,6.59195167154811,-0.849217505556664,-4.18039773271879,0.152646678106954
5,54,8.60312938458925,6.90710766247449,4.92264667810695,0,5.87941760551648,1.69602172211476,8.34891569636544,0.152646678106954
6,54,7.42184748886131,6.90710766247449,4.92264667810695,0,5.40022888280093,0.514739826386812,2.53388229645239,0.152646678106954
1,55,3.6373555249862,3.54174366306653,4.41050568551671,0,5.68387543382233,0.0956118619196671,0.42169666059953,-0.359494314483294
2,55,3.1406758330834,3.54174366306653,4.41050568551671,0,5.17187335892844,-0.401067829983131,-1.76891194441845,-0.359494314483294
3,55,2.35895758503875,3.54174366306653,4.41050568551671,0,5.49285775255843,-1.18278607802778,-5.21668472189152,-0.359494314483294
4,55,5.08990656073183,3.54174366306653,4.41050568551671,0,5.52039615267202,1.54816289766529,6.8281812622588,-0.359494314483294
5,55,4.19125950876615,3.54174366306653,4.41050568551671,0,4.82508079342788,0.64951584569962,2.86469333029136,-0.359494314483294
6,55,2.83230696579286,3.54174366306653,4.41050568551671,0,5.30257528045252,-0.709436697273672,-3.12897458683973,-0.359494314483294
1,56,5.0293816046347,5.20159290083735,3.6605360993915,0,5.21915321969326,-0.172211296202653,-0.630385666472811,-1.1094639006085
2,56,4.11323508961899,5.20159290083735,3.6605360993915,0,4.58620339350269,-1.08835781121836,-3.98397305701952,-1.1094639006085
3,56,4.12491178808261,5.20159290083735,3.6605360993915,0,3.82572099589326,-1.07668111275474,-3.94123008077173,-1.1094639006085
4,56,5.7090759392491,5.20159290083735,3.6605360993915,0,5.3466850820017,0.507483038411753,1.8576599819351,-1.1094639006085
5,56,4.74704921671313,5.20159290083735,3.6605360993915,0,4.681199145533,-0.454543684124221,-1.66387356448712,-1.1094639006085
6,56,7.48590376672557,5.20159290083735,3.6605360993915,0,4.37029918666734,2.28431086588822,8.36180238681609,-1.1094639006085
1,57,6.04106366232206,5.74408066856114,3.36288184284666,0,5.75606486340325,0.296982993760914,0.998718717352822,-1.40711815715334
2,57,4.57686873377082,5.74408066856114,3.36288184284666,0,5.10795638366126,-1.16721193479032,-3.92519582226029,-1.40711815715334
3,57,7.92037330700077,5.74408066856114,3.36288184284666,0,5.08284102805935,2.17629263843963,7.31861499852948,-1.40711815715334
4,57,5.33942192727732,5.74408066856114,3.36288184284666,0,5.00553545196456,-0.404658741283821,-1.36081953361255,-1.40711815715334
5,57,5.78980945711695,5.74408066856114,3.36288184284666,0,5.34526721453307,0.0457287885558078,0.1537805127297,-1.40711815715334
6,57,4.79694692387893,5.74408066856114,3.36288184284666,0,6.1640176090338,-0.947133744682209,-3.18509887273917,-1.40711815715334
1,58,3.98537906157812,4.66078071156413,4.37732784341954,0,4.07006485668075,-0.675401649986007,-2.95645444797525,-0.392672156580456
2,58,4.19129509785717,4.66078071156413,4.37732784341954,0,5.77811260209628,-0.46948561370696,-2.05509244896439,-0.392672156580456
3,58,4.48623721855148,4.66078071156413,4.37732784341954,0,6.61337766722505,-0.17454349301265,-0.764034091851978,-0.392672156580456
4,58,6.56295307761995,4.66078071156413,4.37732784341954,0,6.47302552596008,1.90217236605582,8.32643206091936,-0.392672156580456
5,58,3.52531105103038,4.66078071156413,4.37732784341954,0,5.54810102086147,-1.13546966053375,-4.97032296041253,-0.392672156580456
6,58,5.21350876274768,4.66078071156413,4.37732784341954,0,5.79056267327885,0.552728051183551,2.41947188828478,-0.392672156580456
1,59,5.54914980516024,4.76077139769283,3.51766824044928,0,5.92187476443786,0.788378407467408,2.77325368540408,-1.25233175955072
2,59,3.71208019356806,4.76077139769283,3.51766824044928,0,5.66881406412649,-1.04869120412477,-3.68894774278821,-1.25233175955072
3,59,6.32051642939209,4.76077139769283,3.51766824044928,0,5.89707285557076,1.55974503169926,5.48666556120705,-1.25233175955072
4,59,4.7300171317601,4.76077139769283,3.51766824044928,0,4.18519174978078,-0.0307542659327336,-0.108183304529908,-1.25233175955072
5,59,5.22273175530546,4.76077139769283,3.51766824044928,0,5.17944045524438,0.461960357612632,1.62502327832055,-1.25233175955072
6,59,3.03013307097103,4.76077139769283,3.51766824044928,0,4.85393756918306,-1.7306383267218,-6.08781147761357,-1.25233175955072
1,60,3.11654002374729,3.53279359096545,5.13289237889698,0,5.47275487016919,-0.416253567218164,-2.13658476286279,0.362892378896978
2,60,5.66384890716354,3.53279359096545,5.13289237889698,0,5.50615915989203,2.13105531619809,10.9384775915211,0.362892378896978
3,60,2.36329857019168,3.53279359096545,5.13289237889698,0,5.48360744442714,-1.16949502077377,-6.00289207928764,0.362892378896978
4,60,3.99035676556436,3.53279359096545,5.13289237889698,0,4.7026809297993,0.457563174598906,2.34862253176263,0.362892378896978
5,60,1.80557370504273,3.53279359096545,5.13289237889698,0,5.06381865075496,-1.72721988592273,-8.86563378913207,0.362892378896978
6,60,4.25714357408311,3.53279359096545,5.13289237889698,0,6.2388900987118,0.724349983117663,3.7180105079988,0.362892378896978
1,61,5.45479814104596,4.88232466591102,5.69743547438893,0,6.41998150317661,0.572473475134941,3.26163068538052,0.927435474388926
2,61,6.67137861224375,4.88232466591102,5.69743547438893,0,7.88326426245085,1.78905394633273,10.1930194194316,0.927435474388926
3,61,5.05126105049808,4.88232466591102,5.69743547438893,0,6.5714706079034,0.168936384587058,0.962504150461313,0.927435474388926
4,61,3.52918511009625,4.88232466591102,5.69743547438893,0,4.56370445857622,-1.35313955581477,-7.70942530709797,0.927435474388926
5,61,5.6059678131561,4.88232466591102,5.69743547438893,0,5.97066870595331,0.723643147245074,4.12291013791253,0.927435474388926
6,61,2.981357268426,4.88232466591102,5.69743547438893,0,6.01117527135932,-1.90096739748502,-10.830639086088,0.927435474388926
1,62,2.16992667958716,4.9730024239943,3.86677653879121,0,4.31366538836488,-2.80307574440714,-10.8388675249282,-0.903223461208789
2,62,5.41556337762875,4.9730024239943,3.86677653879121,0,5.76999225584419,0.442560953634449,1.71128431249875,-0.903223461208789
3,62,6.22973566223762,4.9730024239943,3.86677653879121,0,5.66387895490011,1.25673323824332,4.85950660115838,-0.903223461208789
4,62,5.90253732677496,4.9730024239943,3.86677653879121,0,5.7837637695631,0.929534902780657,3.59430375405981,-0.903223461208789
5,62,2.9323171963215,4.9730024239943,3.86677653879121,0,4.36110346794,-2.0406852276728,-7.89087376142298,-0.903223461208789
6,62,7.18793430141582,4.9730024239943,3.86677653879121,0,6.07347268344738,2.21493187742151,8.56464661863427,-0.903223461208789
1,63,2.9427848029259,3.97749313481336,5.52978532659254,0,7.72201333132674,-1.03470833188747,-5.72171495097435,0.75978532659254
2,63,3.82202048027089,3.97749313481336,5.52978532659254,0,6.37413146706327,-0.155472654542471,-0.859730403775344,0.75978532659254
3,63,4.6283052681895,3.97749313481336,5.52978532659254,0,5.04815817584122,0.65081213337614,3.59885138551176,0.75978532659254
4,63,3.82676065937852,3.97749313481336,5.52978532659254,0,6.26644551521297,-0.150732475434842,-0.833518230900561,0.75978532659254
5,63,6.05272515482364,3.97749313481336,5.52978532659254,0,5.64735150686168,2.07523202001028,11.4755875735279,0.75978532659254
6,63,2.59236244329172,3.97749313481336,5.52978532659254,0,5.98803584757824,-1.38513069152164,-7.65947537338935,0.75978532659254
1,64,6.38530615068683,5.15712050272271,4.2079597327476,0,6.26777822434974,1.22818564796412,5.16815575097153,-0.562040267252403
2,64,6.69555192846567,5.15712050272271,4.2079597327476,0,5.56039759103759,1.53843142574296,6.47365749111986,-0.562040267252403
3,64,4.61776961891991,5.15712050272271,4.2079597327476,0,5.20496673688681,-0.539350883802804,-2.26956680086403,-0.562040267252403
4,64,3.13487816026357,5.15712050272271,4.2079597327476,0,5.36036883880876,-2.02224234245914,-8.50951434692524,-0.562040267252403
5,64,7.08504912712263,5.15712050272271,4.2079597327476,0,7.26263236121873,1.92792862439992,8.11264601908633,-0.562040267252403
6,64,3.02416803087765,5.15712050272271,4.2079597327476,0,5.57867479152294,-2.13295247184506,-8.97537811338846,-0.562040267252403
1,65,4.21344824962046,4.60610928585662,4.66480182995499,0,5.15062476891209,-0.392661036236162,-1.83168592038647,-0.105198170045013
2,65,4.06565525824054,4.60610928585662,4.66480182995499,0,5.32857225850543,-0.540454027616081,-2.52111093703004,-0.105198170045013
3,65,4.84905721747183,4.60610928585662,4.66480182995499,0,4.45434099931109,0.242947931615208,1.1333039559824,-0.105198170045013
4,65,5.29758127612382,4.60610928585662,4.66480182995499,0,6.24859785942885,0.691471990267194,3.22557980556102,-0.105198170045013
5,65,4.11333891707687,4.60610928585662,4.66480182995499,0,4.84756220522387,-0.49277036877975,-2.29867611803137,-0.105198170045013
6,65,5.09757479660622,4.60610928585662,4.66480182995499,0,6.38742066458192,0.491465510749594,2.29258921390447,-0.105198170045013
1,66,3.06523518467578,5.05128564561157,5.61753140084526,0,5.72383630172326,-1.9860504609358,-11.15670082797,0.847531400845256
2,66,4.08090751001996,5.05128564561157,5.61753140084526,0,5.74001383558512,-0.970378135591611,-5.45112964737955,0.847531400845256
3,66,6.11104266382997,5.05128564561157,5.61753140084526,0,7.53468610711255,1.0597570182184,5.95321832710797,0.847531400845256
4,66,4.99128974579645,5.05128564561157,5.61753140084526,0,7.37931548957972,-0.0599958998151253,-0.337028851133433,0.847531400845256
5,66,6.6172187291166,5.05128564561157,5.61753140084526,0,7.63301842469345,1.56593308350502,8.7966782682119,0.847531400845256
6,66,5.44202004023069,5.05128564561157,5.61753140084526,0,5.82090065054762,0.390734394619114,2.19496273116313,0.847531400845256
1,67,5.62464638597518,4.7087368937724,2.96620896754738,0,4.82143796858839,0.915909492202775,2.71677894923363,-1.80379103245262
2,67,4.59984627848499,4.7087368937724,2.96620896754738,0,4.82595789238347,-0.108890615287414,-0.322992319547278,-1.80379103245262
3,67,4.71157295276702,4.7087368937724,2.96620896754738,0,3.30912026983606,0.00283605899461392,0.00841234362231721,-1.80379103245262
4,67,5.08712986503047,4.7087368937724,2.96620896754738,0,4.74870457961619,0.378392971258065,1.12239262460257,-1.80379103245262
5,67,2.74448733630332,4.7087368937724,2.96620896754738,0,4.82614172243807,-1.96424955746908,-5.82637465186576,-1.80379103245262
6,67,5.48473854407345,4.7087368937724,2.96620896754738,0,5.66538287787709,0.776001650301043,2.30178305395452,-1.80379103245262
1,68,2.86621984640387,4.04116314040503,4.56612690314503,0,4.53409277927843,-1.17494329400116,-5.36494018440854,-0.20387309685497
2,68,3.39829473226291,4.04116314040503,4.56612690314503,0,6.88207253937474,-0.642868408142125,-2.93541873359977,-0.20387309685497
3,68,3.25425378024566,4.04116314040503,4.56612690314503,0,6.50326965077022,-0.786909360159369,-3.59312799976033,-0.20387309685497
4,68,6.85446333567374,4.04116314040503,4.56612690314503,0,5.72855319627397,2.81330019526871,12.8458857082396,-0.20387309685497
5,68,4.87766220093569,4.04116314040503,4.56612690314503,0,5.52201198353234,0.836499060530655,3.81956086474457,-0.20387309685497
6,68,2.99608494690832,4.04116314040503,4.56612690314503,0,3.73481951479729,-1.04507819349671,-4.77195965521552,-0.20387309685497
1,69,6.51961101323718,5.39402893506149,5.42784709883273,0,6.50506601249732,1.12558207817569,6.10948741752403,0.657847098832729
2,69,4.79016615580952,5.39402893506149,5.42784709883273,0,5.79044579392206,-0.603862779251973,-3.27767483445589,0.657847098832729
3,69,5.33622146682344,5.39402893506149,5.42784709883273,0,6.62913368185281,-0.0578074682380505,-0.313770098766767,0.657847098832729
4,69,4.25583384074119,5.39402893506149,5.42784709883273,0,5.4772616547424,-1.1381950943203,-6.17794894061211,0.657847098832729
5,69,4.51035118925537,5.39402893506149,5.42784709883273,0,7.38670032795735,-0.883677745806122,-4.79646768887681,0.657847098832729
6,69,6.95198994450225,5.39402893506149,5.42784709883273,0,6.05646807604727,1.55796100944076,8.45637414518753,0.657847098832729
1,70,3.89941308997522,4.15323010599773,4.41882515799221,0,5.86871487372801,-0.253817016022513,-1.12157301592679,-0.351174842007785
2,70,3.14603825526074,4.15323010599773,4.41882515799221,0,5.59486925417142,-1.00719185073699,-4.45060468896135,-0.351174842007785
3,70,6.37652733234243,4.15323010599773,4.41882515799221,0,5.87229546224166,2.22329722634469,9.82436171746624,-0.351174842007785
4,70,6.62606040359244,4.15323010599773,4.41882515799221,0,6.49066676297846,2.47283029759471,10.9270047304569,-0.351174842007785
5,70,3.53125090358434,4.15323010599773,4.41882515799221,0,7.00760787828882,-0.621979202413391,-2.74841734737222,-0.351174842007785
6,70,1.34009065123123,4.15323010599773,4.41882515799221,0,5.58581218506669,-2.8131394547665,-12.4307713956627,-0.351174842007785
1,71,5.5366129267636,4.2461456254223,5.75957554391551,0,6.93177877099294,1.2904673013413,7.43254390902797,0.989575543915507
2,71,4.64484587205498,4.2461456254223,5.75957554391551,0,6.11561183305786,0.398700246632671,2.29634418985861,0.989575543915507
3,71,4.85360902343436,4.2461456254223,5.75957554391551,0,5.76464438058042,0.607463398012058,3.49873133101406,0.989575543915507
4,71,4.575712937674,4.2461456254223,5.75957554391551,0,6.49809495244127,0.329567312251699,1.89816783171885,0.989575543915507
5,71,2.22517745214382,4.2461456254223,5.75957554391551,0,5.93868428009115,-2.02096817327849,-11.6399188658464,0.989575543915507
6,71,3.64091554046307,4.2461456254223,5.75957554391551,0,5.62496032930102,-0.605230084959239,-3.48586839577314,0.989575543915507
1,72,4.46590001835131,5.19635487757959,5.15599592220657,0,5.06413330212403,-0.73045485922828,-3.76622227553699,0.385995922206567
2,72,6.09028012660265,5.19635487757959,5.15599592220657,0,5.32922517416152,0.893925249023061,4.60907493872039,0.385995922206567
3,72,7.14143251133491,5.19635487757959,5.15599592220657,0,7.1356747880866,1.94507763375533,10.0288123480177,0.385995922206567
4,72,3.44489268467979,5.19635487757959,5.15599592220657,0,5.16618190027204,-1.75146219289979,-9.03053192449031,0.385995922206567
5,72,5.39643821453801,5.19635487757959,5.15599592220657,0,5.59958077902048,0.200083336958419,1.03162886945909,0.385995922206567
6,72,4.63918570997086,5.19635487757959,5.15599592220657,0,5.62432439182232,-0.557169167608731,-2.87276195616985,0.385995922206567
1,73,4.27404374668665,3.95380070284467,5.29806591004888,0,6.61737087811117,0.32024304384198,1.69666875350948,0.528065910048878
2,73,3.06384521751745,3.95380070284467,5.29806591004888,0,4.91927532428844,-0.889955485327223,-4.71504281827317,0.528065910048878
3,73,4.12302203301945,3.95380070284467,5.29806591004888,0,5.31088404175445,0.169221330174772,0.896545760652084,0.528065910048878
4,73,4.26403424428532,3.95380070284467,5.29806591004888,0,6.72592234089403,0.310233541440641,1.64363775006039,0.528065910048878
5,73,4.57273078286795,3.95380070284467,5.29806591004888,0,7.50531789631247,0.618930080023271,3.27913235767512,0.528065910048878
6,73,3.42512819269124,3.95380070284467,5.29806591004888,0,5.52731177122618,-0.528672510153439,-2.80094180362391,0.528065910048878
1,74,4.89229971212996,4.71245752207479,4.99037197819002,0,5.80331249021715,0.179842190055171,0.897479425747647,0.220371978190019
2,74,5.72250227534463,4.71245752207479,4.99037197819002,0,4.6045422248183,1.01004475326984,5.04049903343566,0.220371978190019
3,74,4.37931695578887,4.71245752207479,4.99037197819002,0,5.93499571377928,-0.333140566285919,-1.6624953467916,0.220371978190019
4,74,4.4867753644642,4.71245752207479,4.99037197819002,0,6.12289290679808,-0.225682157610586,-1.12623791531733,0.220371978190019
5,74,6.09741192071177,4.71245752207479,4.99037197819002,0,6.13742094575196,1.38495439863698,6.91143762202898,0.220371978190019
6,74,2.69643890400931,4.71245752207479,4.99037197819002,0,5.10918175347726,-2.01601861806548,-10.0606828191033,0.220371978190019
1,75,5.03986722638867,4.31756897923973,4.77736981897202,0,4.73945318093144,0.722298247148939,3.45068584622573,0.00736981897201971
2,75,3.89287893577176,4.31756897923973,4.77736981897202,0,6.43796707958546,-0.424690043467968,-2.02890139608179,0.00736981897201971
3,75,5.41265689409549,4.31756897923973,4.77736981897202,0,5.56979743056378,1.09508791485575,5.23163995355288,0.00736981897201971
4,75,3.54283646525994,4.31756897923973,4.77736981897202,0,4.51383496041873,-0.774732513979797,-3.7011837300634,0.00736981897201971
5,75,3.95590761854231,4.31756897923973,4.77736981897202,0,5.47330471272481,-0.361661360697419,-1.7277900692842,0.00736981897201971
6,75,4.06126673538022,4.31756897923973,4.77736981897202,0,4.91058957302238,-0.256302243859511,-1.22445060434923,0.00736981897201971
1,76,2.09994111495351,4.29680707822886,4.13086374625544,0,5.41576963015679,-2.19686596327535,-9.07495396307667,-0.639136253744563
2,76,3.00036251342849,4.29680707822886,4.13086374625544,0,3.95599078845662,-1.29644456480036,-5.35543585176373,-0.639136253744563
3,76,6.2972758231261,4.29680707822886,4.13086374625544,0,5.10265540728291,2.00046874489724,8.26366381381312,-0.639136253744563
4,76,6.59079631931028,4.29680707822886,4.13086374625544,0,6.03928725242692,2.29398924108143,9.47615699028328,-0.639136253744563
5,76,2.18164857185353,4.29680707822886,4.13086374625544,0,2.73935411411831,-2.11515850637533,-8.73743159156964,-0.639136253744563
6,76,5.61081812670123,4.29680707822886,4.13086374625544,0,4.66055744247728,1.31401104847238,5.42800060231364,-0.639136253744563
1,77,2.74434670125517,4.48425262426731,5.31790790667535,0,6.11446973679356,-1.73990592301214,-9.25265946485751,0.547907906675347
2,77,5.13455333161359,4.48425262426731,5.31790790667535,0,5.57871732309706,0.650300707346278,3.45823927331334,0.547907906675347
3,77,2.89346929023311,4.48425262426731,5.31790790667535,0,5.65979882755596,-1.59078333403421,-8.45963926986787,0.547907906675347
4,77,6.96275715467289,4.48425262426731,5.31790790667535,0,5.90416683504272,2.47850453040558,13.1804588389745,0.547907906675347
5,77,3.58034919831132,4.48425262426731,5.31790790667535,0,5.41267664004616,-0.903903425955994,-4.80687517576231,0.547907906675347
6,77,5.59004006951779,4.48425262426731,5.31790790667535,0,6.66835422685163,1.10578744525048,5.88047579819986,0.547907906675347
1,78,6.23699587297977,6.26353459419465,4.59336195120933,0,5.66472966048708,-0.0265387212148811,-0.121901952262187,-0.176638048790671
2,78,4.96566011748522,6.26353459419465,4.59336195120933,0,6.45259285659242,-1.29787447670943,-5.96160723876284,-0.176638048790671
3,78,5.37034799802911,6.26353459419465,4.59336195120933,0,5.99222730948733,-0.893186596165545,-4.10272932615699,-0.176638048790671
4,78,8.56501637782362,6.26353459419465,4.59336195120933,0,5.49767488100285,2.30148178362897,10.5715388563227,-0.176638048790671
5,78,5.29499805183669,6.26353459419465,4.59336195120933,0,6.91191814045069,-0.968536542357959,-4.44883890202289,-0.176638048790671
6,78,7.1481891470135,6.26353459419465,4.59336195120933,0,6.00771735778586,0.884654552818849,4.0635385628822,-0.176638048790671
1,79,3.23852621894652,3.78402574440672,4.9989369245868,0,5.3623105774121,-0.545499525460201,-2.72691772016758,0.228936924586801
2,79,1.94186476373267,3.78402574440672,4.9989369245868,0,4.58213415638825,-1.84216098067405,-9.20884654732455,0.228936924586801
3,79,5.82611666639351,3.78402574440672,4.9989369245868,0,5.71108862325246,2.04209092198679,10.2082837132833,0.228936924586801
4,79,5.54799296376062,3.78402574440672,4.9989369245868,0,5.46434522679235,1.7639672193539,8.81796086658892,0.228936924586801
5,79,1.77474746359981,3.78402574440672,4.9989369245868,0,4.81512303312183,-2.00927828080691,-10.044255389696,0.228936924586801
6,79,4.3749063900072,3.78402574440672,4.9989369245868,0,3.86213024532022,0.590880645600475,2.9537750773159,0.228936924586801
1,80,3.22083188971691,4.17814616347295,4.74730683415591,0,5.51879064458478,-0.957314273756044,-4.54466459423707,-0.0226931658440899
2,80,3.80445299232978,4.17814616347295,4.74730683415591,0,3.08604095847266,-0.373693171143169,-1.77403614524536,-0.0226931658440899
3,80,5.27612407106248,4.17814616347295,4.74730683415591,0,5.69973323107574,1.09797790758953,5.21243802445199,-0.0226931658440899
4,80,5.4111504756779,4.17814616347295,4.74730683415591,0,5.30765522395572,1.23300431220494,5.85344979787424,-0.0226931658440899
5,80,3.94757883238851,4.17814616347295,4.74730683415591,0,5.77178311009319,-0.230567331084438,-1.09457386659024,-0.0226931658440899
6,80,3.40873871966212,4.17814616347295,4.74730683415591,0,4.63540652895332,-0.769407443810829,-3.65261321625358,-0.0226931658440899
1,81,5.39952102611527,6.10324351812756,4.86087706267697,0,5.03353548614387,-0.703722492012292,-3.42070851991243,0.0908770626769702
2,81,6.09040292860704,6.10324351812756,4.86087706267697,0,5.73035035929927,-0.012840589520521,-0.0624165270715509,0.0908770626769702
3,81,7.45387845811063,6.10324351812756,4.86087706267697,0,7.28200071280305,1.35063493998307,6.56527039981379,0.0908770626769702
4,81,6.56990849224266,6.10324351812756,4.86087706267697,0,7.16142617507124,0.466664974115094,2.2684010686308,0.0908770626769702
5,81,5.06254482971162,6.10324351812756,4.86087706267697,0,6.48982095388172,-1.04069868841594,-5.05870838367907,0.0908770626769702
6,81,6.04320537397815,6.10324351812756,4.86087706267697,0,4.74459010309454,-0.0600381441494084,-0.291838037781553,0.0908770626769702
1,82,4.63958011452488,5.9640171807737,4.36512762768841,0,6.22528765039206,-1.32443706624881,-5.78133682901729,-0.404872372311586
2,82,5.9799942287623,5.9640171807737,4.36512762768841,0,6.25051835505272,0.0159770479886054,0.0697418535839652,-0.404872372311586
3,82,3.91771209981387,5.9640171807737,4.36512762768841,0,5.33095378700785,-2.04630508095982,-8.93238284357691,-0.404872372311586
4,82,6.65841668549779,5.9640171807737,4.36512762768841,0,5.82864061774687,0.694399504724093,3.03114246272429,-0.404872372311586
5,82,7.96067997844415,5.9640171807737,4.36512762768841,0,6.31685879883229,1.99666279767045,8.71568794128894,-0.404872372311586
6,82,6.62771997759918,5.9640171807737,4.36512762768841,0,5.43456422389214,0.663702796825485,2.897147414997,-0.404872372311586
1,83,3.6588899400819,4.0057678288732,4.22198347093305,0,5.62868113985153,-0.346877888791304,-1.46451271290904,-0.548016529066947
2,83,4.36835855114968,4.0057678288732,4.22198347093305,0,6.25897195146434,0.362590722276479,1.53085203616497,-0.548016529066947
3,83,3.89491388451269,4.0057678288732,4.22198347093305,0,5.58715159724004,-0.110853944360513,-0.468023520777818,-0.548016529066947
4,83,3.79863290048965,4.0057678288732,4.22198347093305,0,5.82134483608117,-0.207134928383556,-0.874520243888274,-0.548016529066947
5,83,5.36993471867558,4.0057678288732,4.22198347093305,0,6.6989790611168,1.36416688980238,5.75949006033978,-0.548016529066947
6,83,2.94387697832972,4.0057678288732,4.22198347093305,0,5.23231296297054,-1.06189085054348,-4.48328561892961,-0.548016529066947
1,84,2.88217965387856,5.42622822330686,4.62908829982425,0,6.12819566347424,-2.5440485694283,-11.7766254669252,-0.140911700175747
2,84,4.76712326924785,5.42622822330686,4.62908829982425,0,5.56986967740842,-0.659104954059008,-3.05105503119076,-0.140911700175747
3,84,6.87269433263439,5.42622822330686,4.62908829982425,0,6.91078455510794,1.44646610932753,6.69581934278038,-0.140911700175747
4,84,5.53466801275307,5.42622822330686,4.62908829982425,0,5.19957316929521,0.108439789446214,0.501977360560874,-0.140911700175747
5,84,5.08911177870823,5.42622822330686,4.62908829982425,0,5.66876109773751,-0.33711644459863,-1.56054178936987,-0.140911700175747
6,84,7.41159229261906,5.42622822330686,4.62908829982425,0,5.60287629980938,1.9853640693122,9.19042558414456,-0.140911700175747
1,85,5.1645583782056,5.04842635065887,5.72195698118791,0,5.66464179122635,0.116132027546739,0.664502465760567,0.951956981187906
2,85,5.83733573675452,5.04842635065887,5.72195698118791,0,6.05915943535828,0.788909386095653,4.51410556929468,0.951956981187906
3,85,5.94135719367298,5.04842635065887,5.72195698118791,0,5.82149924378167,0.892930843014113,5.10931187090261,0.951956981187906
4,85,3.24032160599435,5.04842635065887,5.72195698118791,0,4.89707477013899,-1.80810474466452,-10.3458975664521,0.951956981187906
5,85,6.99732508687808,5.04842635065887,5.72195698118791,0,6.74483672281608,1.94889873621922,11.1515147293378,0.951956981187906
6,85,3.10966010244766,5.04842635065887,5.72195698118791,0,5.20381122433339,-1.93876624821121,-11.0935370688436,0.951956981187906
1,86,4.63015057997113,4.83031503994344,4.98998852826506,0,6.30333421402789,-0.200164459972313,-0.998818359028211,0.219988528265058
2,86,6.89960330647694,4.83031503994344,4.98998852826506,0,6.14049298029445,2.0692882665335,10.3257247116757,0.219988528265058
3,86,4.10496657324046,4.83031503994344,4.98998852826506,0,5.69711770585481,-0.725348466702981,-3.61948052784253,0.219988528265058
4,86,4.63485316427896,4.83031503994344,4.98998852826506,0,7.561016881632,-0.195461875664474,-0.975352517278897,0.219988528265058
5,86,4.08303653930381,4.83031503994344,4.98998852826506,0,5.76703656689311,-0.74727850063963,-3.72891114561087,0.219988528265058
6,86,4.62928007638934,4.83031503994344,4.98998852826506,0,6.15897934279483,-0.201034963554101,-1.00316216191515,0.219988528265058
1,87,4.07218314264843,5.03619300660278,5.42215817220379,0,4.72354498285237,-0.964009863954348,-5.22701396192513,0.652158172203787
2,87,6.31712768309508,5.03619300660278,5.42215817220379,0,7.93216387098549,1.2809346764923,6.94543042420194,0.652158172203787
3,87,6.2566843234296,5.03619300660278,5.42215817220379,0,5.27570284347242,1.22049131682682,6.61769696763631,0.652158172203787
4,87,6.03305349155859,5.03619300660278,5.42215817220379,0,7.50144112799192,0.996860484955809,5.40513522505017,0.652158172203787
5,87,5.21444816362481,5.03619300660278,5.42215817220379,0,5.60227322551399,0.178255157022027,0.966527656384455,0.652158172203787
6,87,2.32366123526017,5.03619300660278,5.42215817220379,0,4.47127329835736,-2.71253177134261,-14.7077763113477,0.652158172203787
1,88,5.93891085976725,5.74035350417583,5.91891864010956,0,5.70535131070284,0.198557355591421,1.17524483314093,1.14891864010956
2,88,6.56344565043294,5.74035350417583,5.91891864010956,0,6.02304467150793,0.823092146257106,4.87181544700897,1.14891864010956
3,88,4.44858273992333,5.74035350417583,5.91891864010956,0,5.98128122012891,-1.2917707642525,-7.6458860552827,1.14891864010956
4,88,6.67791573418272,5.74035350417583,5.91891864010956,0,6.0955606458216,0.937562230006893,5.54935455945049,1.14891864010956
5,88,6.81956910821591,5.74035350417583,5.91891864010956,0,7.5438660441858,1.07921560404008,6.38778935544993,1.14891864010956
6,88,3.99369693253283,5.74035350417583,5.91891864010956,0,6.27467160623327,-1.746656571643,-10.3383181397676,1.14891864010956
1,89,4.55526360832855,3.36980035350056,3.83655636086029,0,5.62477259306626,1.18546325482798,4.54809659087644,-0.93344363913971
2,89,2.23076608735534,3.36980035350056,3.83655636086029,0,5.1444483809058,-1.13903426614523,-4.3699691590173,-0.93344363913971
3,89,3.00045599205768,3.36980035350056,3.83655636086029,0,5.93282180829879,-0.369344361442888,-1.41701045924159,-0.93344363913971
4,89,2.50837101645913,3.36980035350056,3.83655636086029,0,4.93832358783964,-0.861429337041438,-3.30492220245799,-0.93344363913971
5,89,3.01042457976779,3.36980035350056,3.83655636086029,0,5.13833414660485,-0.35937577373277,-1.37876541065355,-0.93344363913971
6,89,4.9135208370349,3.36980035350056,3.83655636086029,0,5.59705376692986,1.54372048353434,5.92257064049399,-0.93344363913971
1,90,3.34253404071464,4.21957703996173,3.77676448252159,0,5.97720272784566,-0.877042999247091,-3.31238484920062,-0.993235517478412
2,90,2.79953668767447,4.21957703996173,3.77676448252159,0,3.75515201335034,-1.42004035228725,-5.36315796626594,-0.993235517478412
3,90,6.83408879418257,4.21957703996173,3.77676448252159,0,6.87602989200249,2.61451175422084,9.87439513247648,-0.993235517478412
4,90,3.94908848329423,4.21957703996173,3.77676448252159,0,5.09349390210303,-0.270488556667499,-1.02157157375034,-0.993235517478412
5,90,2.9359103319985,4.21957703996173,3.77676448252159,0,3.65768614763842,-1.28366670796323,-4.84810683003092,-0.993235517478412
6,90,5.45630390190595,4.21957703996173,3.77676448252159,0,6.02503822271884,1.23672686194423,4.67082608677134,-0.993235517478412
1,91,7.00579447958664,5.85937955916097,5.47650563479877,0,6.66153785442639,1.14641492042567,6.27834777152858,0.706505634798765
2,91,5.01278544207869,5.85937955916097,5.47650563479877,0,4.9204073254678,-0.846594117082276,-4.63637745258857,0.706505634798765
3,91,6.40423653220675,5.85937955916097,5.47650563479877,0,7.51916286791674,0.544856973045786,2.98391228304464,0.706505634798765
4,91,5.29766502959728,5.85937955916097,5.47650563479877,0,6.04117730393435,-0.561714529563689,-3.07623278630388,0.706505634798765
5,91,5.67804916042148,5.85937955916097,5.47650563479877,0,6.34615376020205,-0.181330398739484,-0.993056950457092,0.706505634798765
6,91,5.75774671107496,5.85937955916097,5.47650563479877,0,7.19870742860814,-0.10163284808601,-0.55659286522368,0.706505634798765
1,92,4.89872115910443,4.81259613624519,4.67533891928828,0,4.61102142510794,0.0861250228592443,0.402663671298418,-0.0946610807117176
2,92,4.53318243527431,4.81259613624519,4.67533891928828,0,4.53510613165316,-0.27941370097088,-1.30635375073154,-0.0946610807117176
3,92,6.33017137838296,4.81259613624519,4.67533891928828,0,5.57893608752107,1.51757524213777,7.09517859251507,-0.0946610807117176
4,92,5.73850884814611,4.81259613624519,4.67533891928828,0,5.75320140463085,0.925912711900925,4.32895573781415,-0.0946610807117176
5,92,1.1001326888932,4.81259613624519,4.67533891928828,0,4.35825908960067,-3.71246344735199,-17.3570248418399,-0.0946610807117176
6,92,6.27486030767011,4.81259613624519,4.67533891928828,0,4.74761147351933,1.46226417142493,6.83658059094379,-0.0946610807117176
1,93,4.73578177523152,5.28782545227613,5.27078950066977,0,5.6812327192922,-0.552043677044605,-2.90970601687784,0.500789500669772
2,93,5.50159264280111,5.28782545227613,5.27078950066977,0,5.07188512491657,0.21376719052498,1.12672186340674,0.500789500669772
3,93,5.19798094147422,5.28782545227613,5.27078950066977,0,6.36235236897111,-0.0898445108019086,-0.473551504227512,0.500789500669772
4,93,5.3827700862076,5.28782545227613,5.27078950066977,0,5.38195186757617,0.0949446339314752,0.500433179670955,0.500789500669772
5,93,4.25499152349184,5.28782545227613,5.27078950066977,0,6.74922806318104,-1.03283392878428,-5.4438502277717,0.500789500669772
6,93,6.65383574445047,5.28782545227613,5.27078950066977,0,6.85651832262569,1.36601029217434,7.19995270579936,0.500789500669772
1,94,6.98610356870825,6.06597234981036,5.30238410825019,0,5.25744352883857,0.920131218897894,4.87888915258907,0.532384108250186
2,94,8.47862763360128,6.06597234981036,5.30238410825019,0,4.17344802689938,2.41265528379092,12.7928250354588,0.532384108250186
3,94,4.81307326447074,6.06597234981036,5.30238410825019,0,5.34647321601265,-1.25289908533962,-6.643352199346,0.532384108250186
4,94,5.9967017014683,6.06597234981036,5.30238410825019,0,5.54174406412479,-0.0692706483420569,-0.367299584937109,0.532384108250186
5,94,4.83201727364348,6.06597234981036,5.30238410825019,0,6.48606828255159,-1.23395507616688,-6.5429037861619,0.532384108250186
6,94,5.2893106569701,6.06597234981036,5.30238410825019,0,6.27857718194295,-0.776661692840261,-4.11815861760289,0.532384108250186
1,95,3.30656242250531,4.37813329749568,5.62665345054214,0,5.08735888568791,-1.07157087499038,-6.02935796126506,0.856653450542145
2,95,6.93854841503606,4.37813329749568,5.62665345054214,0,6.01397006618946,2.56041511754038,14.4065685559288,0.856653450542145
3,95,5.10810842278376,4.37813329749568,5.62665345054214,0,5.60652732111057,0.729975125288079,4.1073170575121,0.856653450542145
4,95,4.0724459557411,4.37813329749568,5.62665345054214,0,6.14276040922704,-0.305687341754578,-1.71999673627045,0.856653450542145
5,95,2.12053577077575,4.37813329749568,5.62665345054214,0,6.58659888051969,-2.25759752671993,-12.7027189136541,0.856653450542145
6,95,4.72259879813211,4.37813329749568,5.62665345054214,0,5.76945972621489,0.344465500636431,1.9381879977487,0.856653450542145
1,96,7.77757816742044,5.97445242204065,5.42793965765862,0,7.78486754907126,1.80312574537979,9.78725774109221,0.657939657658619
2,96,3.39247917542992,5.97445242204065,5.42793965765862,0,5.15895159175249,-2.58197324661073,-14.0147949802919,0.657939657658619
3,96,8.40599878711191,5.97445242204065,5.42793965765862,0,6.88868160801959,2.43154636507126,13.198286944406,0.657939657658619
4,96,3.92196609397379,5.97445242204065,5.42793965765862,0,5.94124470533364,-2.05248632806686,-11.1407719369162,0.657939657658619
5,96,6.84343941723047,5.97445242204065,5.42793965765862,0,6.39088522455581,0.868986995189821,4.71680897318043,0.657939657658619
6,96,5.50525289107737,5.97445242204065,5.42793965765862,0,5.24412035908327,-0.469199530963282,-2.54678674147042,0.657939657658619
1,97,5.64749503744982,6.08444587756323,4.88837958665025,0,5.07113256875713,-0.436950840113405,-2.13598156718005,0.118379586650251
2,97,3.37910013033217,6.08444587756323,4.88837958665025,0,5.04941473707547,-2.70534574723105,-13.2247569255954,0.118379586650251
3,97,6.38530227628282,6.08444587756323,4.88837958665025,0,5.07767559144178,0.300856398719596,1.47070027801398,0.118379586650251
4,97,6.37344734805854,6.08444587756323,4.88837958665025,0,6.9877496621113,0.289001470495313,1.41274888888119,0.118379586650251
5,97,7.44173432313475,6.08444587756323,4.88837958665025,0,5.76869330795486,1.35728844557153,6.63494113052811,0.118379586650251
6,97,7.27959615012125,6.08444587756323,4.88837958665025,0,6.2180934790211,1.19515027255802,5.84234819535211,0.118379586650251
1,98,4.12764174991818,4.33909442450181,4.01719972496816,0,6.13115798256189,-0.211452674583636,-0.849447626181162,-0.752800275031842
2,98,3.69954696173861,4.33909442450181,4.01719972496816,0,4.85229554204966,-0.639547462763206,-2.56918989151643,-0.752800275031842
3,98,8.20371797281181,4.33909442450181,4.01719972496816,0,5.19531848158777,3.86462354830999,15.5249646553764,-0.752800275031842
4,98,3.2134963556953,4.33909442450181,4.01719972496816,0,5.45569031695265,-1.12559806880652,-4.52175225243422,-0.752800275031842
5,98,3.44593483203957,4.33909442450181,4.01719972496816,0,6.87415863607713,-0.893159592462243,-3.58800046919199,-0.752800275031842
6,98,3.34422867480742,4.33909442450181,4.01719972496816,0,6.37664552292961,-0.994865749694392,-3.99657441605255,-0.752800275031842
1,99,3.48038860648454,4.14656912035832,4.09780740165987,0,6.04363010550726,-0.66618051387378,-2.72987944059355,-0.672192598340129
2,99,3.40569852985728,4.14656912035832,4.09780740165987,0,5.07173528933238,-0.740870590501043,-3.03594498942729,-0.672192598340129
3,99,4.01411386356314,4.14656912035832,4.09780740165987,0,5.77652454518943,-0.132455256795182,-0.542776131684055,-0.672192598340129
4,99,4.4421429161782,4.14656912035832,4.09780740165987,0,5.36928078668418,0.295573795819874,1.21120448824738,-0.672192598340129
5,99,5.85824901371711,4.14656912035832,4.09780740165987,0,5.69227930781953,1.71167989335879,7.01413453627803,-0.672192598340129
6,99,3.67882179234966,4.14656912035832,4.09780740165987,0,5.66479010322455,-0.467747328008663,-1.91673846282053,-0.672192598340129
1,100,4.69665426360921,3.83192559424524,4.04860907180166,0,4.88440418730221,0.864728669363971,3.50094833543395,-0.72139092819834
2,100,4.26600414692389,3.83192559424524,4.04860907180166,0,4.57814484552098,0.434078552678652,1.75741436624932,-0.72139092819834
3,100,3.16813241445935,3.83192559424524,4.04860907180166,0,4.73477009696837,-0.663793179785883,-2.6874390894812,-0.72139092819834
4,100,2.31115554547622,3.83192559424524,4.04860907180166,0,4.21366958623631,-1.52077004876901,-6.15700341557047,-0.72139092819834
5,100,4.20481746444002,3.83192559424524,4.04860907180166,0,4.18773811376017,0.372891870194784,1.50969340847169,-0.72139092819834
6,100,4.34478973056273,3.83192559424524,4.04860907180166,0,5.42762843983998,0.51286413631749,2.07638639489671,-0.72139092819834
1,101,3.34058949949045,4.1947428182637,5.11525682292578,0,5.86209120977725,-0.854153318773255,-4.36921359167959,0.345256822925777
2,101,3.96473872132512,4.1947428182637,5.11525682292578,0,5.65113052560509,-0.230004096938579,-1.17653002616595,0.345256822925777
3,101,4.85427676747856,4.1947428182637,5.11525682292578,0,6.6195490735338,0.659533949214858,3.37368553367248,0.345256822925777
4,101,3.66579411947747,4.1947428182637,5.11525682292578,0,4.71537135157412,-0.528948698786233,-2.70570844044399,0.345256822925777
5,101,4.63207986095242,4.1947428182637,5.11525682292578,0,6.95894278080658,0.43733704268872,2.23709129153166,0.345256822925777
6,101,4.71097794085819,4.1947428182637,5.11525682292578,0,5.52964099046278,0.516235122594491,2.64067523308539,0.345256822925777
1,102,0.41301091134648,3.35322154407982,5.93601808931138,0,5.0605127224596,-2.94021063273334,-17.4531435022908,1.16601808931138
2,102,6.08179078340787,3.35322154407982,5.93601808931138,0,6.82763026044178,2.72856923932805,16.1968363625899,1.16601808931138
3,102,3.55006904410923,3.35322154407982,5.93601808931138,0,6.06193309559174,0.19684750002941,1.1684903210103,1.16601808931138
4,102,2.3906308614885,3.35322154407982,5.93601808931138,0,4.94683141573177,-0.962590682591324,-5.71395570446469,1.16601808931138
5,102,4.22722580119333,3.35322154407982,5.93601808931138,0,7.20713457349376,0.874004257113508,5.18810508036094,1.16601808931138
6,102,3.45660186293351,3.35322154407982,5.93601808931138,0,6.12224931887112,0.10338031885369,0.613667442794283,1.16601808931138
1,103,3.28456111827044,3.97284261489698,4.36426314157704,0,3.98469454193044,-0.688281496626544,-3.00384156675671,-0.405736858422959
2,103,2.23081472744492,3.97284261489698,4.36426314157704,0,5.13455026501813,-1.74202788745206,-7.60266810080635,-0.405736858422959
3,103,5.12211010207989,3.97284261489698,4.36426314157704,0,5.61894162211717,1.1492674871829,5.01570573412521,-0.405736858422959
4,103,5.07191363845782,3.97284261489698,4.36426314157704,0,5.64271644299108,1.09907102356084,4.79663515810192,-0.405736858422959
5,103,3.60569782532614,3.97284261489698,4.36426314157704,0,6.23900915967831,-0.367144789570846,-1.6023164727461,-0.405736858422959
6,103,4.52195827780269,3.97284261489698,4.36426314157704,0,4.80911305567364,0.549115662905707,2.39648524808202,-0.405736858422959
1,104,6.53381958894588,4.79055939880986,4.25584963204776,0,5.97865265767966,1.74326019013602,7.41905323875389,-0.514150367952237
2,104,4.98653520013438,4.79055939880986,4.25584963204776,0,5.56058990842753,0.195975801324525,0.834043541957244,-0.514150367952237
3,104,4.27255256351533,4.79055939880986,4.25584963204776,0,5.60711948515534,-0.518006835294529,-2.20455919938645,-0.514150367952237
4,104,5.84863478294738,4.79055939880986,4.25584963204776,0,5.28948079144901,1.05807538413752,4.50300973426046,-0.514150367952237
5,104,2.36511034699111,4.79055939880986,4.25584963204776,0,4.54379227174917,-2.42544905181875,-10.3223464547334,-0.514150367952237
6,104,4.73670391032508,4.79055939880986,4.25584963204776,0,5.33074004883451,-0.0538554884847828,-0.229200860851716,-0.514150367952237
1,105,5.74083237166257,3.78882763051677,5.00963668853782,0,6.19542443091259,1.95200474114581,9.77883456744381,0.23963668853782
2,105,2.58631609060855,3.78882763051677,5.00963668853782,0,5.62607320604162,-1.20251153990821,-6.02414592871429,0.23963668853782
3,105,2.31013299786329,3.78882763051677,5.00963668853782,0,3.388619870574,-1.47869463265347,-7.40772288288478,0.23963668853782
4,105,5.05582682544695,3.78882763051677,5.00963668853782,0,5.69873351874895,1.26699919493018,6.34720565127013,0.23963668853782
5,105,4.51941936747455,3.78882763051677,5.00963668853782,0,4.23696713804897,0.730591736957784,3.65999916980629,0.23963668853782
6,105,2.52043813004467,3.78882763051677,5.00963668853782,0,6.32525582491445,-1.26838950047209,-6.35417057692115,0.23963668853782
